"SYS_FIELD_NAME"," FIELD_DESC",
"DAY_OF_MONTH","Day of Month",
"FL_DATE","Flight Date (yyyymmdd)",
"UNIQUE_CARRIER","Unique Carrier Code. When the same code has been used by multiple carriers, a numeric suffix is used for earlier users, for example, PA, PA(1), PA(2). Use this field for analysis across a range of years.",
"AIRLINE_ID","An identification number assigned by US DOT to identify a unique airline (carrier). A unique airline (carrier) is defined as one holding and reporting under the same DOT certificate regardless of its Code, Name, or holding company/corporation.",
"FL_NUM","Flight Number",
"ORIGIN","Origin Airport",
"ORIGIN_STATE_NM","Origin Airport, State Name",
"DEST","Destination Airport",
"DEST_STATE_NM","Destination Airport, State Name",
"CRS_DEP_TIME","CRS Departure Time (local time: hhmm)",
"DEP_TIME","Actual Departure Time (local time: hhmm)",
"DEP_DELAY","Difference in minutes between scheduled and actual departure time. Early departures show negative numbers.",
"CRS_ARR_TIME","CRS Arrival Time (local time: hhmm)",
"ARR_TIME","Actual Arrival Time (local time: hhmm)",
"ARR_DELAY","Difference in minutes between scheduled and actual arrival time. Early arrivals show negative numbers.",
"CANCELLED","Cancelled Flight Indicator (1=Yes)",
"DIVERTED","Diverted Flight Indicator (1=Yes)",
"CRS_ELAPSED_TIME","CRS Elapsed Time of Flight, in Minutes",
"ACTUAL_ELAPSED_TIME","Elapsed Time of Flight, in Minutes",
"AIR_TIME","Flight Time, in Minutes",
"FLIGHTS","Number of Flights",
"DISTANCE","Distance between airports (miles)",
"CARRIER_DELAY","Carrier Delay, in Minutes",
"WEATHER_DELAY","Weather Delay, in Minutes",
"NAS_DELAY","National Air System Delay, in Minutes",
"SECURITY_DELAY","Security Delay, in Minutes",
"LATE_AIRCRAFT_DELAY","Late Aircraft Delay, in Minutes",
